{"x": 38.156463623046875, "y": 29.818389892578125, "z": -9.477346420288086, "vx": 0.0004184327262919396, "vy": 8.542821888113394e-05, "vz": -0.00015482607705052942, "v_xy": 0.00042706431250258805, "yaw_deg": 145.86260762844142, "ts": 1770262061.3406441}