{"x": -11.884126663208008, "y": -12.987005233764648, "z": -9.539265632629395, "vx": -0.0689106211066246, "vy": 0.10757419466972351, "vz": -0.00015708015416748822, "v_xy": 0.1277532037177164, "yaw_deg": 100.91487342355515, "ts": 1770335915.3566844}