{
  "pairs": [
    {
      "sx": 0.026,
      "sy": 0.007,
      "sz": -0.04,
      "ax": 0.25,
      "ay": 0.0,
      "ax_body": 0.0,
      "ay_body": 0.0,
      "yaw_deg": 0.0
    },
    {
      "sx": -5.264,
      "sy": -4.976,
      "sz": 8.708,
      "ax": -8.86186719324737,
      "ay": -20.12249054524785,
      "ax_body": -9.111835479736328,
      "ay_body": -20.12647247314453,
      "yaw_deg": 0.9126292417841455
    },
    {
      "sx": -4.582,
      "sy": -4.245,
      "sz": 7.56,
      "ax": -7.610083182344742,
      "ay": -19.602759120115245,
      "ax_body": -7.841440677642822,
      "ay_body": -19.69748878479004,
      "yaw_deg": 22.266717964415193
    }
  ]
}