{
  "model": "similarity",
  "scale": 0.18715533303325887,
  "R": [
    [
      0.9937769340720737,
      0.11138853310062621
    ],
    [
      -0.11138853310062621,
      0.9937769340720737
    ]
  ],
  "t": [
    30.34877579702487,
    26.335857973653603
  ],
  "slam_axes": [
    "x",
    "z"
  ],
  "pairs_used": 55,
  "rmse_m": 5.27891090788931,
  "quality": "poor",
  "ts": 1770261997.5828018
}