{
  "lat0": 37.421907288412925,
  "lng0": -122.0845403122205,
  "yaw_deg": 0.0,
  "offset_x_m": -1.5,
  "offset_y_m": -43.0
}